id,lon,lat,age,weight,rainfall,label
1,31.73519086540,-25.52367538430,3,300,137,0
2,31.67162322320,-25.52328941490,9,900,149,0
3,31.91038184590,-25.52208519380,1,100,45,0
4,31.82299358430,-25.51579839660,3,300,28,0
5,31.29121483110,-25.51479860730,10,1000,110,0
6,31.69966643790,-25.50511581850,10,1000,113,0
7,31.33894361310,-25.50490136460,10,1000,89,0
8,31.06616435120,-25.50337577260,9,900,137,0
9,31.98034301380,-25.50229598480,8,800,80,0
10,31.96784774910,-25.49838923880,2,200,137,0
11,31.79402296460,-25.49752256350,6,600,41,0
12,31.75203288660,-25.49674505020,4,400,127,0
13,30.97239312300,-25.48969886440,1,100,117,0
14,31.91726260390,-25.48779520270,8,800,40,0
15,31.95864779190,-25.48600864700,2,200,147,0
16,31.45499268320,-25.48427057830,11,1100,37,1
17,31.45904210290,-25.48321296550,5,500,27,0
18,31.97616503020,-25.48100913980,5,500,128,0
19,31.39374018040,-25.47922158250,4,400,84,0
20,31.31428715140,-25.47883729450,5,500,90,0
21,31.86275311730,-25.47568578750,4,400,48,0
22,31.92519201960,-25.47268625850,9,900,103,0
23,31.56849581140,-25.47264925220,9,900,104,0
24,31.13954984740,-25.47182332730,6,600,58,0
25,31.62454363580,-25.47050711560,4,400,116,0
26,31.00177222960,-25.46285828860,3,300,140,0
27,31.12172547640,-25.46095428700,5,500,145,0
28,31.56112844100,-25.45987551290,18,1800,312,1
29,31.49927705430,-25.45344909780,28,2800,182,1
30,31.48210274120,-25.44904775500,28,2800,138,1
31,31.64388545250,-25.44797867950,9,900,56,0
32,31.50873613200,-25.44588777330,11,1100,144,1
33,30.98175278430,-25.44066484650,1,100,84,0
34,30.94150379710,-25.43993355090,10,1000,36,0
35,32.02195792620,-25.43857923590,8,800,108,0
36,31.51466349330,-25.43720454480,6,600,33,1
37,31.64677701550,-25.43604450010,3,300,15,0
38,31.74143160630,-25.43502910810,6,600,110,0
39,31.24338579750,-25.43478364570,7,700,115,0
40,31.88350329380,-25.42465700230,5,500,134,0
41,31.36733941250,-25.42272322650,6,600,147,0
42,31.14039418050,-25.41940373360,8,800,142,0
43,31.63220402690,-25.41760989240,3,300,27,0
44,31.66371135060,-25.41499066140,24,2400,205,1
45,31.62701379600,-25.41412037290,9,900,133,1
46,31.89478587040,-25.41292988400,5,500,89,0
47,31.18941022320,-25.40821569530,5,500,68,0
48,31.64727431000,-25.40664972250,2,200,53,0
49,31.31984502450,-25.40633120750,3,300,73,0
50,31.07498707440,-25.40624455540,10,1000,69,0
51,31.27146176420,-25.40350237710,9,900,86,0
52,31.49134790240,-25.40205776980,28,2800,30,1
53,32.00645849000,-25.40123338650,5,500,5,0
54,31.90850568310,-25.40021689760,2,200,105,0
55,31.24800567030,-25.39550225580,10,1000,15,0
56,31.91973411880,-25.39473685140,9,900,103,0
57,31.47326173600,-25.39251734070,5,500,153,1
58,31.26629182900,-25.38951963500,10,1000,117,0
59,31.07640725780,-25.38759944660,9,900,102,0
60,31.87039911980,-25.38020110200,6,600,46,0
61,31.55400028760,-25.37930118950,18,1800,104,1
62,31.23544704240,-25.37861072660,5,500,22,0
63,31.70629045080,-25.37740352430,21,2100,263,1
64,31.81567486690,-25.37610634350,2,200,8,0
65,31.96870883770,-25.37508047630,2,200,118,0
66,31.76032448860,-25.37252808700,7,700,20,0
67,31.43110467740,-25.37194252100,6,600,89,0
68,31.20175721930,-25.36935110430,2,200,33,0
69,31.63945401370,-25.36844903320,30,3000,100,1
70,31.85045910720,-25.36774688380,5,500,54,1
71,31.47223232120,-25.36444942200,9,900,126,0
72,31.61491544150,-25.36411032110,23,2300,62,1
73,31.77257307530,-25.36304534200,9,900,74,0
74,31.50958989010,-25.36105772870,26,2600,135,1
75,30.90908573520,-25.35931631190,6,600,15,0
76,31.71223168070,-25.35829031090,7,700,293,1
77,31.17323637400,-25.35653603620,3,300,94,0
78,31.58866281770,-25.35458517310,28,2800,180,1
79,31.69698928940,-25.35288531720,5,500,126,0
80,31.90909431950,-25.35257673400,24,2400,135,1
81,31.44423532590,-25.35245578330,6,600,105,0
82,32.02367639970,-25.35223548660,2,200,70,0
83,31.62493306430,-25.34716231270,3,300,24,0
84,31.47798529660,-25.34431212040,2,200,50,0
85,31.44104960080,-25.34374717710,2,200,128,0
86,31.54058417380,-25.34188916060,8,800,23,0
87,31.49914450040,-25.33842149860,19,1900,43,1
88,31.60056259290,-25.33831957810,17,1700,12,1
89,31.22723321990,-25.33791457870,9,900,9,0
90,31.64130438270,-25.33773412620,6,600,93,0
91,31.46391021680,-25.33624741850,4,400,62,0
92,30.96019622090,-25.33387580360,2,200,108,0
93,31.49514401610,-25.33025569370,9,900,105,0
94,31.42027711420,-25.32826833710,5,500,43,0
95,31.60703025490,-25.32517401790,4,400,117,0
96,31.70409598690,-25.32278006340,10,1000,93,0
97,31.63533740420,-25.31932306350,27,2700,132,1
98,31.28754836870,-25.31838675670,4,400,53,0
99,31.96880743690,-25.31353096400,5,500,30,0
100,31.03765792230,-25.31266281020,1,100,62,0
101,30.90422216520,-25.31149626310,1,100,116,0
102,31.85242617300,-25.30667838290,6,600,126,0
103,31.24475826240,-25.30478522630,5,500,78,0
104,31.91023550210,-25.30190682030,25,2500,223,1
105,31.83767746350,-25.30183782210,7,700,14,1
106,31.58081892970,-25.30146664230,20,2000,296,1
107,31.78883025990,-25.29948688360,23,2300,52,1
108,31.59586854540,-25.29832320400,11,1100,266,1
109,31.94797109040,-25.29735266560,9,900,43,0
110,31.75390003420,-25.29533854400,8,800,111,1
111,31.53846757540,-25.29378891470,14,1400,221,1
112,31.71017216400,-25.29207513150,10,1000,122,0
113,31.15163374460,-25.28985539910,5,500,107,0
114,31.19547610360,-25.28869071220,1,100,62,0
115,31.51992403260,-25.28620146560,19,1900,183,1
116,31.53668609860,-25.28592428460,30,3000,146,1
117,31.64195054490,-25.28349850290,23,2300,200,1
118,31.89549134520,-25.28346640940,19,1900,95,1
119,31.90886687590,-25.28048867060,12,1200,214,1
120,31.26743736080,-25.27990712750,10,1000,43,0
121,31.82246827530,-25.27913640030,16,1600,124,1
122,31.66997035380,-25.27871478870,7,700,116,0
123,31.84113454190,-25.27625789900,27,2700,152,1
124,31.42722422220,-25.27462197740,26,2600,250,1
125,31.73375078920,-25.27457433950,24,2400,91,1
126,31.86131027200,-25.27167324730,6,600,38,0
127,31.90817028860,-25.26448546610,7,700,38,1
128,31.69785485220,-25.25545504090,17,1700,197,1
129,31.72903577300,-25.25156835730,22,2200,117,1
130,31.49270982010,-25.24727848090,17,1700,244,1
131,32.02414231550,-25.24704239950,9,900,140,0
132,31.61936536770,-25.24616201660,22,2200,286,1
133,31.21422374300,-25.24597408860,10,1000,143,0
134,31.39166766010,-25.24581920310,12,1200,91,1
135,31.82729613620,-25.24550189650,7,700,69,0
136,31.75972228470,-25.24353618760,30,3000,162,1
137,31.05889663180,-25.24283090470,7,700,31,0
138,31.14386743840,-25.24177013580,10,1000,64,0
139,31.18119650950,-25.24119303590,1,100,70,0
140,31.68848150030,-25.23901271830,27,2700,71,1
141,31.76797756810,-25.23319094830,12,1200,133,1
142,31.79031425720,-25.23299535100,3,300,85,0
143,31.81068349600,-25.23272853270,8,800,6,0
144,30.95639936470,-25.22965932550,7,700,147,0
145,31.73611947600,-25.22616241280,13,1300,346,1
146,30.93225814500,-25.22494951300,3,300,77,0
147,31.49269444540,-25.22445697960,22,2200,242,1
148,31.71621542650,-25.22386721170,9,900,273,1
149,31.58420174750,-25.22254370060,13,1300,330,1
150,31.99333160460,-25.22243249400,30,3000,17,1
151,31.32878211330,-25.22218897210,14,1400,266,1
152,31.90714874640,-25.22111944820,22,2200,43,1
153,31.93742177650,-25.21961957910,26,2600,277,1
154,31.45295282170,-25.21877587920,8,800,337,1
155,31.78424385660,-25.21850005840,7,700,136,1
156,31.57749932330,-25.21611510960,17,1700,248,1
157,31.37356239980,-25.20963338930,21,2100,270,1
158,31.55044985130,-25.20839410250,8,800,226,1
159,31.38956364590,-25.20724200450,19,1900,61,1
160,31.61997363210,-25.20603306010,19,1900,72,1
161,31.58015170030,-25.20537866490,18,1800,50,1
162,31.84109754400,-25.20484404110,8,800,281,1
163,31.44570023950,-25.20145716180,7,700,125,1
164,31.50589133480,-25.20140773580,6,600,41,0
165,31.28950953780,-25.19835643660,9,900,254,1
166,31.81874097480,-25.19679200990,1,100,42,0
167,31.03994095560,-25.19584414380,10,1000,130,0
168,31.36530920040,-25.19496330280,1,100,138,0
169,31.26317007490,-25.19306753520,13,1300,253,1
170,31.30005203250,-25.19288690060,14,1400,53,1
171,31.32273444920,-25.19202650750,24,2400,56,1
172,31.48623526780,-25.19174447870,5,500,101,0
173,31.53695677860,-25.19129652570,8,800,212,1
174,31.52856734190,-25.18911734840,7,700,343,1
175,32.00696048210,-25.18699418400,9,900,128,0
176,31.23202775490,-25.18330304250,5,500,73,0
177,31.91145572790,-25.18328180950,29,2900,148,1
178,31.31306144810,-25.17881939720,19,1900,315,1
179,31.87676586250,-25.17756255240,24,2400,344,1
180,31.85507541550,-25.17628855000,25,2500,209,1
181,31.69652058250,-25.17517976890,6,600,218,1
182,31.75468548620,-25.17075617000,1,100,54,0
183,31.34131959720,-25.16682538410,28,2800,204,1
184,31.46051603060,-25.16590307810,10,1000,134,0
185,31.76399567620,-25.16361015600,5,500,8,0
186,31.41125947000,-25.16248658320,7,700,150,0
187,31.74445775390,-25.15953676650,9,900,26,1
188,31.57202400590,-25.15943752680,8,800,107,1
189,31.52081629990,-25.15923247580,27,2700,264,1
190,31.60001935680,-25.15689752140,6,600,28,0
191,31.16043591890,-25.15135176190,2,200,83,0
192,31.44474914150,-25.14807182100,9,900,21,0
193,31.43228483110,-25.14803103480,3,300,17,0
194,31.86298420630,-25.14647309290,1,100,123,0
195,31.64481251780,-25.14553980530,8,800,305,1
196,31.63635059430,-25.14497259790,22,2200,233,1
197,31.87058555820,-25.14470115920,7,700,81,1
198,31.47982559210,-25.14419698970,9,900,13,0
199,31.41401689760,-25.14359734810,12,1200,142,1
200,32.02915043340,-25.14115452220,1,100,92,0
201,31.16551073270,-25.14088674390,9,900,33,0
202,31.60015193320,-25.13850975800,15,1500,297,1
203,31.87661065890,-25.13444755150,6,600,146,0
204,31.25770386580,-25.13290111560,27,2700,61,1
205,31.30586653360,-25.13227534470,25,2500,194,1
206,31.71453536130,-25.13176240020,20,2000,268,1
207,31.63963445410,-25.13103306430,22,2200,275,1
208,30.92076932920,-25.12999961480,3,300,69,0
209,31.17599434430,-25.12765238790,22,2200,68,1
210,31.70436583240,-25.12744420220,17,1700,126,1
211,31.87708630650,-25.12709721420,11,1100,191,1
212,31.54214474310,-25.12643050350,14,1400,126,1
213,31.31316535840,-25.12508073200,1,100,42,0
214,31.48886691990,-25.11885619010,7,700,20,1
215,31.72254868450,-25.11783795730,18,1800,289,1
216,31.79480728660,-25.11569438700,3,300,18,0
217,32.00768229810,-25.11442244320,2,200,28,0
218,31.62174367990,-25.10899458680,9,900,282,1
219,31.71633572380,-25.10817592170,29,2900,34,1
220,31.56505673420,-25.10729848280,9,900,7,0
221,31.65839381560,-25.10710925750,24,2400,50,1
222,31.39922571290,-25.10584011610,8,800,131,1
223,31.54118661520,-25.10430531050,16,1600,56,1
224,31.98159187850,-25.10418070300,7,700,32,0
225,31.45188364110,-25.10384086530,17,1700,22,1
226,30.96817379850,-25.10319064370,1,100,87,0
227,31.39997686270,-25.10249578510,30,3000,24,1
228,31.10731535420,-25.09684893630,9,900,150,0
229,31.11633314350,-25.09419534160,7,700,20,0
230,31.56907833790,-25.09406149430,3,300,82,0
231,31.73299502660,-25.09116277920,28,2800,315,1
232,31.03533806430,-25.08995986160,4,400,15,0
233,31.95251745860,-25.08936823170,8,800,39,1
234,31.84271848460,-25.08874065410,7,700,344,1
235,30.98276480700,-25.08815661230,3,300,144,0
236,31.94448464810,-25.08628695060,28,2800,95,1
237,30.93582878240,-25.08461355550,6,600,141,0
238,31.99729233220,-25.08124007340,12,1200,187,1
239,31.76244671390,-25.07679080770,17,1700,280,1
240,31.57070793120,-25.07621378800,9,900,119,0
241,31.73028890780,-25.07585008010,17,1700,209,1
242,31.76411011670,-25.07501509960,27,2700,236,1
243,31.45049648980,-25.07475539990,6,600,125,0
244,31.96936910260,-25.07316516440,13,1300,80,1
245,31.47670155300,-25.07197835280,26,2600,99,1
246,31.57413512910,-25.07079268580,5,500,339,1
247,31.12855808310,-25.06500211620,1,100,62,0
248,31.47370720630,-25.06467772260,10,1000,110,0
249,31.52691339950,-25.06240527400,2,200,53,0
250,31.79342105640,-25.06023081330,17,1700,318,1
251,31.30998908820,-25.05572711300,10,1000,78,1
252,31.93269610890,-25.05446380250,23,2300,315,1
253,31.95234912500,-25.05297696040,10,1000,219,1
254,31.97221074710,-25.05219527560,6,600,47,0
255,31.59632594160,-25.05014213160,23,2300,310,1
256,31.61724461010,-25.04994626380,10,1000,62,0
257,31.93251532760,-25.04802134240,27,2700,344,1
258,31.77019041600,-25.04786657100,12,1200,285,1
259,31.30275024410,-25.04737848390,11,1100,293,1
260,31.09650481740,-25.04427676250,7,700,132,0
261,31.81137824760,-25.04007916880,11,1100,314,1
262,31.14505891880,-25.03999921440,4,400,63,0
263,31.57625926180,-25.03993011130,27,2700,138,1
264,31.44304688180,-25.03954404380,7,700,131,0
265,31.51962041940,-25.03562030950,10,1000,80,1
266,31.94223700270,-25.02902415140,7,700,63,0
267,31.48083620960,-25.02862083070,23,2300,180,1
268,31.13248716670,-25.01794075260,3,300,142,0
269,31.85313961360,-25.01502201890,17,1700,232,1
270,31.47509318650,-25.01484738520,18,1800,59,1
271,31.56922827320,-25.01475618420,16,1600,153,1
272,31.39107551820,-25.01434906710,26,2600,170,1
273,31.61060485910,-25.01340897640,11,1100,108,1
274,31.73521383660,-25.01060046020,9,900,143,0
275,31.18092230990,-25.00167263030,9,900,96,0
276,31.61741865480,-25.00134800280,23,2300,20,1
277,31.33973247580,-24.99265298430,21,2100,141,1
278,31.85556747050,-24.99170708820,24,2400,91,1
279,31.95331443480,-24.99038021760,6,600,267,1
280,31.88353032820,-24.98838231930,20,2000,217,1
281,31.77069917350,-24.98640378980,15,1500,79,1
282,31.73998851120,-24.98635597030,20,2000,325,1
283,31.57449578140,-24.98320549880,8,800,171,1
284,31.59617539670,-24.98010377860,5,500,46,1
285,31.85091066130,-24.97629035910,8,800,13,0
286,31.30672953570,-24.97538071030,22,2200,113,1
287,31.30563466110,-24.97476769700,23,2300,150,1
288,31.75673944360,-24.97064212040,29,2900,100,1
289,31.88221299800,-24.96575305600,14,1400,21,1
290,31.82498957580,-24.96231651890,22,2200,106,1
291,31.32783067570,-24.96197986060,30,3000,226,1
292,31.98602544680,-24.95983003320,1,100,103,0
293,30.92594671670,-24.95970248770,8,800,86,0
294,31.17419964830,-24.95935397770,9,900,116,0
295,31.14183840970,-24.95727189660,9,900,76,0
296,31.83878370250,-24.95625571810,17,1700,78,1
297,31.64850964450,-24.95478109650,10,1000,189,1
298,31.47282922440,-24.95449554300,23,2300,266,1
299,31.05613564370,-24.95202552590,5,500,53,0
300,31.77819814600,-24.95105489720,5,500,92,1
301,30.90114290740,-24.95051410560,8,800,68,0
302,31.30112837600,-24.94914917130,30,3000,263,1
303,32.00798731780,-24.94900576170,1,100,11,0
304,31.13086510680,-24.94566743490,9,900,63,0
305,31.75419131710,-24.94267735740,9,900,97,1
306,31.08984299000,-24.94010183370,6,600,6,0
307,32.01943813410,-24.93954888000,9,900,13,0
308,31.54486950120,-24.93428179720,9,900,33,0
309,31.68234375570,-24.93366199380,11,1100,202,1
310,31.73638055100,-24.93145969760,7,700,157,1
311,31.68504165590,-24.93062460520,23,2300,143,1
312,31.87163898040,-24.92979131650,26,2600,112,1
313,31.18577917810,-24.92672536360,5,500,58,0
314,31.82710920910,-24.92229141390,1,100,46,0
315,31.05085145630,-24.91958430410,6,600,117,0
316,31.74053344650,-24.91800598510,19,1900,169,1
317,31.68765166510,-24.91536694020,10,1000,294,1
318,31.33637430510,-24.91149133030,3,300,125,0
319,31.85644324340,-24.91098859470,9,900,21,0
320,31.13903102100,-24.90717793850,8,800,126,0
321,30.99291878860,-24.90460864690,3,300,129,0
322,31.78788605790,-24.90454231090,20,2000,170,1
323,31.93826884480,-24.90209053920,5,500,46,0
324,31.68458200250,-24.89153789650,18,1800,276,1
325,31.88186601090,-24.88795051540,20,2000,329,1
326,31.80585618110,-24.88532915950,15,1500,94,1
327,31.67731709160,-24.87663751670,7,700,113,0
328,31.03295450000,-24.87649862540,1,100,32,0
329,31.14162842190,-24.87460097350,10,1000,103,0
330,31.56205840740,-24.87438547620,10,1000,148,0
331,31.72930393960,-24.87223157050,2,200,63,0
332,30.89176342010,-24.87161387520,9,900,93,0
333,31.75447374430,-24.86866109400,9,900,235,1
334,30.90735900750,-24.86672799820,2,200,63,0
335,31.75443221770,-24.86249245770,23,2300,87,1
336,31.89894509000,-24.85853084340,21,2100,294,1
337,31.03621188920,-24.85777684500,6,600,33,0
338,31.56204027020,-24.85580410730,8,800,31,0
339,31.17611214950,-24.85579081800,1,100,116,0
340,32.00958893770,-24.85358014790,5,500,39,0
341,30.98202380670,-24.85207343170,3,300,109,0
342,31.65949306390,-24.84354198090,1,100,26,0
343,30.89097069900,-24.84294533750,8,800,33,0
344,31.72195691560,-24.83924354200,13,1300,218,1
345,30.99056702740,-24.83887807000,8,800,88,0
346,31.24994822400,-24.83729615480,6,600,88,0
347,31.03161022610,-24.83142192950,4,400,117,0
348,31.12581098690,-24.82906952430,8,800,76,0
349,31.41877066270,-24.82879447840,3,300,134,0
350,31.34356387610,-24.82404624650,9,900,104,0
351,31.69979773380,-24.81978149350,25,2500,195,1
352,31.83255520040,-24.81873615560,12,1200,19,1
353,31.56052791010,-24.81839834560,10,1000,98,0
354,31.04861172550,-24.81735348930,10,1000,24,0
355,31.20400254310,-24.81125496090,6,600,136,0
356,31.19151829800,-24.80960643800,10,1000,77,0
357,31.78361315730,-24.80861659330,3,300,108,0
358,31.67556305620,-24.80783891870,6,600,56,1
359,31.84634342930,-24.80765318420,15,1500,276,1
360,31.58861925910,-24.80513389010,9,900,149,0
361,31.92395687840,-24.80336520260,6,600,84,0
362,31.63540552460,-24.80276158360,3,300,46,0
363,30.98168525900,-24.80251541170,10,1000,143,0
364,31.75497848790,-24.80210778660,26,2600,65,1
365,31.65878383040,-24.79729829670,6,600,94,0
366,31.90994967500,-24.79536213400,26,2600,260,1
367,31.28754509140,-24.79497796720,1,100,31,0
368,31.92765581290,-24.79318910170,25,2500,291,1
369,31.50347454940,-24.79285413990,10,1000,45,0
370,31.18666199910,-24.78805070580,8,800,32,0
371,31.86381683090,-24.78612134500,6,600,320,1
372,32.01713507650,-24.78222444500,4,400,112,0
373,31.66102715230,-24.77281207160,18,1800,314,1
374,31.22105787640,-24.77105710680,5,500,115,0
375,31.53983033930,-24.76376835010,10,1000,83,0
376,30.93829125640,-24.76177916320,7,700,81,0
377,31.35973458240,-24.76112016300,1,100,29,0
378,31.22100407870,-24.75507768360,9,900,31,0
379,31.92086200810,-24.74529761450,6,600,220,1
380,32.01602776170,-24.74359070950,1,100,127,0
381,31.78675248980,-24.74217929400,12,1200,108,1
382,31.78900677050,-24.73615129780,11,1100,118,1
383,31.39267691020,-24.73611466180,8,800,108,0
384,31.01873317500,-24.73441245090,4,400,96,0
385,31.93133753240,-24.73030381880,7,700,95,0
386,31.15109433300,-24.72594642740,4,400,87,0
387,31.87581712220,-24.72583474260,5,500,31,1
388,31.63851368760,-24.72373027820,2,200,38,0
389,31.95705916220,-24.72369038970,28,2800,183,1
390,31.59910023580,-24.72327988320,4,400,58,0
391,31.64412061620,-24.71578035710,3,300,92,0
392,31.67246196070,-24.71471219750,17,1700,198,1
393,31.74414659900,-24.71335500180,12,1200,247,1
394,31.59264238950,-24.71293209050,4,400,149,0
395,30.99374379260,-24.71196948040,2,200,106,0
396,31.84572426640,-24.70876976360,16,1600,118,1
397,31.41671459020,-24.70474187610,1,100,71,0
398,31.98027336930,-24.70470583400,29,2900,74,1
399,31.99732897950,-24.70465464580,3,300,36,0
400,31.45915704390,-24.70160353930,8,800,90,0
401,31.77020641780,-24.70136161080,26,2600,99,1
402,31.10186275640,-24.69544326820,7,700,43,0
403,32.02700354890,-24.69376854810,6,600,9,0
404,31.34350207600,-24.68998781530,5,500,7,0
405,31.02460659920,-24.68940974960,6,600,38,0
406,31.92452426550,-24.68923716700,9,900,12,0
407,31.44459783000,-24.68599171050,10,1000,49,0
408,31.97125558610,-24.68551491570,1,100,28,0
409,31.11091880750,-24.68081111280,8,800,125,0
410,31.38827658220,-24.67669581520,1,100,124,0
411,31.91121755820,-24.67531303990,10,1000,110,1
412,31.66161629730,-24.66986888250,16,1600,88,1
413,31.86134969480,-24.66939491370,22,2200,13,1
414,31.79048826270,-24.66919301800,20,2000,86,1
415,31.99992152100,-24.66860441540,8,800,67,0
416,31.87554467540,-24.66772253280,13,1300,33,1
417,31.77672876720,-24.66304227030,9,900,95,1
418,31.70297427620,-24.65909393290,8,800,156,1
419,31.80924859130,-24.65377427920,10,1000,130,0
420,31.70466011380,-24.65339340600,15,1500,63,1
421,31.73399129600,-24.64678488950,16,1600,293,1
422,31.76918962980,-24.64510126460,20,2000,340,1
423,31.75093356800,-24.64219888830,8,800,29,0
424,30.96372535540,-24.64000078020,4,400,139,0
425,31.89067676260,-24.63960543510,16,1600,347,1
426,31.78893116450,-24.63686776440,18,1800,202,1
427,31.04292910490,-24.63637219230,6,600,87,0
428,31.89147567930,-24.63548667700,4,400,108,0
429,31.96531939400,-24.63542055060,27,2700,11,1
430,31.45271951200,-24.62852815080,2,200,80,0
431,31.40887504840,-24.62678412820,5,500,83,0
432,31.58884147780,-24.61283936420,1,100,130,0
433,31.25746516110,-24.60883317750,9,900,96,0
434,31.57544856180,-24.60851040860,17,1700,176,1
435,31.78411734530,-24.60725722420,24,2400,295,1
436,31.71409643760,-24.60714665870,19,1900,305,1
437,30.92296437790,-24.60619445810,3,300,102,0
438,31.47589481110,-24.59549748810,17,1700,81,1
439,31.54939139760,-24.59176227700,20,2000,294,1
440,31.47238858600,-24.59130833260,3,300,131,0
441,31.08287520470,-24.58494352240,5,500,5,0
442,31.73573240010,-24.58325704700,27,2700,39,1
443,31.70778983860,-24.58090486660,6,600,27,0
444,31.99679681110,-24.57689435030,29,2900,241,1
445,31.65020725200,-24.57323933230,6,600,318,1
446,31.90388607470,-24.56749803200,4,400,78,0
447,31.94882040060,-24.56389455990,16,1600,248,1
448,31.18399058640,-24.56267281260,6,600,25,0
449,31.73707645950,-24.55887237230,9,900,54,1
450,31.24271375330,-24.55135829000,6,600,63,0
451,31.79067548900,-24.54948458100,7,700,198,1
452,31.80357400950,-24.54876315300,9,900,33,0
453,32.01902840200,-24.54838288330,10,1000,5,0
454,30.97738283490,-24.54762352440,8,800,50,0
455,30.96430812490,-24.54388955770,9,900,91,0
456,31.79381462740,-24.54335769630,18,1800,133,1
457,31.38091879910,-24.54138530580,4,400,116,0
458,31.55268686310,-24.53652474080,9,900,232,1
459,31.61001192220,-24.53471776350,27,2700,244,1
460,30.91604902560,-24.53429807140,7,700,53,0
461,31.02454514230,-24.53312482300,5,500,66,0
462,31.95144145040,-24.53197494570,3,300,26,0
463,31.75659245190,-24.53093434030,9,900,14,0
464,31.60624629750,-24.53029890800,2,200,99,0
465,31.53584799030,-24.52844747110,23,2300,341,1
466,31.59221935190,-24.52714334690,3,300,144,0
467,31.18600708780,-24.52501576360,9,900,150,0
468,31.32282956170,-24.52405348130,7,700,29,0
469,30.90466857270,-24.52101287390,10,1000,145,0
470,31.80564781920,-24.51572095170,9,900,188,1
471,31.93091628720,-24.51348359520,16,1600,13,1
472,31.54472431360,-24.51309548160,7,700,86,0
473,31.67655788990,-24.51053729140,5,500,53,1
474,31.74447712670,-24.50745034510,26,2600,252,1
475,31.39325898460,-24.50607991080,3,300,84,0
476,31.76831733560,-24.50164224290,7,700,327,1
477,31.43291935580,-24.49890530630,10,1000,34,1
478,30.90350727050,-24.49856738150,10,1000,41,0
479,31.12598437610,-24.49794232910,8,800,42,0
480,30.93070894330,-24.49126909750,10,1000,32,0
481,30.93956951250,-24.48860348940,10,1000,122,0
482,31.36767273120,-24.48839894100,10,1000,163,1
483,31.72106652840,-24.48626886070,10,1000,303,1
484,32.00377977350,-24.48503111600,21,2100,162,1
485,31.40275761660,-24.48310607920,25,2500,287,1
486,30.98088322620,-24.48207965410,3,300,17,0
487,31.51532806960,-24.47966281530,13,1300,274,1
488,31.40764202750,-24.47755270250,7,700,168,1
489,31.50469637580,-24.47405811270,5,500,93,1
490,31.73649335290,-24.47132061100,6,600,159,1
491,31.81878923070,-24.46731335350,7,700,231,1
492,30.92494498440,-24.46703933880,4,400,141,0
493,31.02047142120,-24.46135874810,6,600,15,0
494,31.46781966600,-24.45911313520,21,2100,204,1
495,31.49861206320,-24.45741961160,10,1000,199,1
496,31.25622908810,-24.45710349200,5,500,66,0
497,31.66039969370,-24.45613519570,10,1000,322,1
498,31.32379790240,-24.45493006080,5,500,139,0
499,31.49083402460,-24.45197875260,9,900,21,0
500,31.87225884260,-24.45060028620,11,1100,180,1
501,31.82857497160,-24.44504158370,21,2100,94,1
502,31.34337262260,-24.44296833680,2,200,128,0
503,31.09335591050,-24.44109833670,4,400,30,0
504,31.99968782290,-24.44035441000,25,2500,80,1
505,31.03479662070,-24.43892450600,9,900,40,0
506,32.02700441670,-24.43877137140,9,900,139,0
507,31.39555300140,-24.43362830470,3,300,120,0
508,31.24783290800,-24.43354082400,1,100,34,0
509,32.01455648230,-24.43217674910,10,1000,28,0
510,31.43241171300,-24.42832685690,7,700,56,0
511,30.93894587120,-24.42769336820,6,600,64,0
512,31.81481621600,-24.42250843820,19,1900,333,1
513,31.67873248060,-24.41650283380,15,1500,220,1
514,31.46733905480,-24.41619250860,7,700,114,0
515,32.02223872300,-24.41596363850,1,100,144,0
516,31.91391262720,-24.41546905970,25,2500,252,1
517,31.65155084610,-24.41478820300,17,1700,16,1
518,31.67755387050,-24.41431370470,10,1000,142,1
519,30.94697140190,-24.41246153480,4,400,120,0
520,31.93218470510,-24.41223824860,29,2900,128,1
521,30.93087790580,-24.40697750600,7,700,78,0
522,31.98942419730,-24.40484968940,10,1000,345,1
523,31.59706234820,-24.40150413400,6,600,296,1
524,31.80260673380,-24.40106626410,22,2200,67,1
525,31.73158913390,-24.39465079860,11,1100,201,1
526,31.68576305870,-24.39303945140,30,3000,315,1
527,31.60633466320,-24.38821744420,14,1400,28,1
528,31.82710053960,-24.38420621520,30,3000,11,1
529,30.90070156200,-24.37944978330,3,300,35,0
530,31.04853414640,-24.37286053880,9,900,118,0
531,31.73303308060,-24.37046628020,2,200,115,0
532,30.91106350780,-24.36982287660,3,300,139,0
533,31.78386235090,-24.36962624110,8,800,208,1
534,31.35605888930,-24.36709993770,1,100,67,0
535,30.92642018510,-24.36552650050,2,200,94,0
536,31.26691446170,-24.36263245160,1,100,61,0
537,31.86397456130,-24.36180472100,26,2600,203,1
538,31.72506138380,-24.35956869960,8,800,127,0
539,30.89548965270,-24.35934285820,7,700,21,0
540,31.67529772870,-24.35847623980,11,1100,264,1
541,31.79638517840,-24.35839435780,18,1800,91,1
542,31.32705406340,-24.35667891350,8,800,46,0
543,31.46913546990,-24.35325333840,4,400,145,0
544,31.59261762820,-24.34664110300,8,800,143,1
545,31.74169523050,-24.34269921480,23,2300,192,1
546,31.18947403200,-24.33865603710,10,1000,115,0
547,31.81243410950,-24.33789751290,9,900,135,0
548,31.14656121880,-24.33707002590,7,700,44,0
549,30.97960387830,-24.32891409320,1,100,82,0
550,31.92069872970,-24.32835125540,17,1700,16,1
551,31.56146500850,-24.32666474750,10,1000,26,0
552,31.31516873770,-24.32664183540,8,800,14,0
553,31.63453652510,-24.32491178780,10,1000,63,0
554,31.85772971090,-24.32486238650,5,500,100,0
555,30.95117509240,-24.32009988760,1,100,77,0
556,31.27331173600,-24.31845117980,3,300,41,0
557,31.12738897880,-24.31507155400,6,600,84,0
558,31.80849844140,-24.31424156900,5,500,11,0
559,31.75405258080,-24.31256824270,19,1900,257,1
560,31.16307988480,-24.31076615140,4,400,130,0
561,31.62545309340,-24.30979851380,10,1000,288,1
562,31.81881240650,-24.30964669230,7,700,20,0
563,31.32430843000,-24.30437570440,6,600,122,0
564,31.71760936420,-24.30156629240,10,1000,13,0
565,31.66545401410,-24.30130376080,8,800,155,1
566,31.50741941410,-24.30061238080,2,200,48,0
567,31.23197357130,-24.29766751750,9,900,44,0
568,31.13523459980,-24.29765541460,6,600,149,0
569,31.36646383920,-24.29691772770,8,800,51,0
570,30.89082837510,-24.29599706630,8,800,30,0
571,31.42232218830,-24.29558592520,7,700,125,0
572,31.40708205780,-24.28908182430,10,1000,33,0
573,31.07722154270,-24.27859296420,2,200,94,0
574,31.18265008880,-24.27310466660,2,200,112,0
575,31.70141588720,-24.26816123820,9,900,33,0
576,31.12915539690,-24.26580461190,2,200,44,0
577,32.01709403420,-24.25850889150,5,500,58,0
578,31.47370158130,-24.25588368810,2,200,29,0
579,31.43311821920,-24.25352062870,6,600,108,0
580,31.42008953890,-24.25178709330,2,200,35,0
581,31.63465508020,-24.25095486810,29,2900,170,1
582,31.51978814250,-24.24638189440,5,500,69,0
583,31.74968133650,-24.24437001600,1,100,70,0
584,31.24678018620,-24.24010700930,10,1000,13,0
585,31.32523900570,-24.23494552000,6,600,119,0
586,30.94587701310,-24.23278587890,1,100,141,0
587,31.60785779460,-24.23278539870,27,2700,176,1
588,31.67902445210,-24.22593987840,25,2500,110,1
589,31.75036669800,-24.22436836420,13,1300,238,1
590,31.61794872930,-24.22055384800,30,3000,208,1
591,31.66323884320,-24.21883751380,2,200,26,0
592,31.19145559590,-24.21703910560,5,500,134,0
593,31.83521401560,-24.21630940510,30,3000,176,1
594,31.29827172690,-24.21595454230,10,1000,20,0
595,31.50732742720,-24.21239384390,9,900,14,0
596,31.73702640170,-24.21173813570,5,500,89,1
597,32.00010668890,-24.21106477810,4,400,23,0
598,31.20956735470,-24.21000129050,2,200,135,0
599,31.85103059900,-24.20974035150,8,800,240,1
600,31.68573033000,-24.20811924220,6,600,151,1
601,31.74477674980,-24.20796397220,7,700,67,0
602,31.37118862490,-24.20481295410,7,700,78,0
603,31.55926614090,-24.20307875690,2,200,75,0
604,31.64958518470,-24.20299100190,4,400,133,0
605,31.72454761230,-24.20048711410,6,600,217,1
606,31.11378322010,-24.20003416690,2,200,35,0
607,31.30012791010,-24.19994741950,1,100,140,0
608,31.81264377980,-24.19916330860,27,2700,300,1
609,30.98657581090,-24.19686910240,9,900,108,0
610,31.65602242110,-24.19527172660,29,2900,15,1
611,31.68690295210,-24.19231138500,24,2400,303,1
612,31.67318927650,-24.19177128140,8,800,75,0
613,31.17403466250,-24.18974805730,3,300,149,0
614,31.53311721760,-24.18332549900,10,1000,116,0
615,31.61424535130,-24.18291846000,14,1400,100,1
616,31.78564459120,-24.18191444930,7,700,118,0
617,31.80200036600,-24.17618307050,28,2800,122,1
618,31.16750258700,-24.17409842930,10,1000,134,0
619,31.46943612690,-24.17207806700,4,400,22,0
620,31.70161936050,-24.17000684100,10,1000,288,1
621,31.39097990880,-24.16786294130,6,600,35,0
622,31.57899631980,-24.16599384140,6,600,45,0
623,31.87382811050,-24.16568385770,8,800,44,1
624,31.66981164080,-24.15990108330,10,1000,231,1
625,31.88665073360,-24.15459969600,4,400,142,0
626,31.68637586350,-24.14906383940,4,400,108,0
627,31.83963982940,-24.14809895770,7,700,5,0
628,31.16061183920,-24.13945071090,7,700,115,0
629,31.40652089470,-24.13940062400,7,700,83,0
630,31.72586987930,-24.13806824820,24,2400,340,1
631,31.02553175670,-24.13577090320,2,200,131,0
632,30.99310325290,-24.13476896160,2,200,41,0
633,31.69076669860,-24.12725965180,6,600,66,0
634,31.99990286130,-24.12717881280,3,300,66,0
635,31.02444533410,-24.11628309240,3,300,51,0
636,30.92973028870,-24.11481942790,10,1000,104,0
637,31.63438325910,-24.11453748370,27,2700,124,1
638,31.92314981550,-24.11276196990,9,900,11,0
639,31.83243253690,-24.11051850280,3,300,90,0
640,31.72689060640,-24.10853689060,30,3000,191,1
641,31.93776156260,-24.10693269230,6,600,121,0
642,31.79325065550,-24.10239230380,17,1700,283,1
643,31.81252982270,-24.09627793880,17,1700,233,1
644,31.38649563260,-24.09619572870,5,500,23,0
645,31.67786831580,-24.09509081850,30,3000,59,1
646,31.82216166900,-24.09167027300,20,2000,301,1
647,31.52779434400,-24.09093048820,9,900,55,0
648,31.13485923590,-24.08695229920,1,100,140,0
649,31.62953938570,-24.08550706560,30,3000,223,1
650,31.60749098920,-24.08425736990,5,500,79,0
651,31.82202815630,-24.08419771390,1,100,56,0
652,31.64714430760,-24.08033600050,8,800,110,1
653,31.65887505190,-24.08019606440,3,300,109,0
654,31.97064408620,-24.07710398090,4,400,125,0
655,31.01111877940,-24.07580402760,1,100,112,0
656,31.34512245780,-24.07566985830,5,500,27,0
657,31.73056315270,-24.07483386430,16,1600,166,1
658,31.80299611010,-24.07110924530,10,1000,60,0
659,31.04985586710,-24.06895307410,8,800,101,0
660,31.64105684100,-24.06811198190,5,500,91,0
661,31.78957600550,-24.06348529180,6,600,104,0
662,31.60463657710,-24.05673362980,9,900,119,0
663,31.41149090430,-24.05543247820,4,400,29,0
664,31.25689980810,-24.05447268210,4,400,28,0
665,31.41852723850,-24.04806930350,10,1000,14,0
666,31.65284510590,-24.04773534150,24,2400,252,1
667,31.29218210990,-24.04323368040,9,900,27,0
668,31.51178257430,-24.04273610790,3,300,81,0
669,32.00223368560,-24.03749578270,7,700,31,0
670,30.88893774270,-24.03738246260,6,600,136,0
671,31.64182223070,-24.03384827870,27,2700,134,1
672,31.93569799300,-24.03089227700,7,700,16,0
673,31.62692661690,-24.02952779960,13,1300,254,1
674,31.10553223820,-24.02041941900,7,700,58,0
675,31.18249924640,-24.01922458800,3,300,18,0
676,31.46930870560,-24.01218497230,1,100,31,0
677,31.06315414120,-24.01197188970,5,500,79,0
678,31.04727766950,-24.01132308450,8,800,19,0
679,31.77796735940,-24.01081788620,11,1100,335,1
680,31.12688240880,-24.01059027450,1,100,103,0
681,31.38184636830,-24.01053751060,10,1000,145,0
682,31.97890840980,-24.00923263870,5,500,12,0
683,30.96085201280,-24.00906025870,6,600,25,0
684,30.99591744370,-24.00292720420,1,100,106,0
685,31.84374177770,-24.00268108000,5,500,18,0
686,31.76487435410,-24.00090897030,10,1000,19,0
687,31.92092290190,-23.99581574610,7,700,9,0
688,31.18773793720,-23.99527121680,6,600,72,0
689,30.96823974810,-23.99443085780,2,200,83,0
690,31.47387394060,-23.99143597920,6,600,67,0
691,31.08963812600,-23.98890392040,10,1000,146,0
692,31.68668914790,-23.98534082530,10,1000,92,0
693,31.19310385100,-23.98500208700,4,400,38,0
694,31.80256018280,-23.98425358500,10,1000,61,0
695,31.80887492680,-23.97518564760,1,100,117,0
696,31.64474812340,-23.97378815310,28,2800,213,1
697,30.98742985450,-23.97301951980,2,200,6,0
698,31.71992808180,-23.96769538420,13,1300,241,1
699,30.89449286090,-23.96431181980,7,700,116,0
700,31.40422407250,-23.96342988590,25,2500,322,1
701,31.36342070240,-23.96315713710,1,100,10,0
702,31.12481103500,-23.96267970440,10,1000,107,0
703,31.70117913730,-23.96149259030,13,1300,233,1
704,31.62309297010,-23.96041538870,6,600,348,1
705,31.64646847410,-23.95952816720,8,800,183,1
706,31.21154342910,-23.95948620830,23,2300,108,1
707,31.62466901060,-23.95930039700,12,1200,33,1
708,31.59074805870,-23.95221577070,30,3000,95,1
709,31.19287251360,-23.94846989420,16,1600,90,1
710,31.68836786920,-23.94783161060,7,700,47,0
711,31.76048820460,-23.94508951880,25,2500,323,1
712,31.53627933150,-23.94378974600,21,2100,56,1
713,32.02742447550,-23.94265714780,6,600,44,0
714,30.89035053770,-23.94042302910,6,600,45,0
715,31.31117665350,-23.93963004450,5,500,77,0
716,31.77572292010,-23.93934708520,12,1200,84,1
717,31.42117613780,-23.93842191490,6,600,13,1
718,31.33907378990,-23.93567334980,13,1300,182,1
719,31.64935444970,-23.93273880560,5,500,39,0
720,31.69386046010,-23.93051101080,5,500,39,1
721,31.55710609250,-23.92798331490,27,2700,38,1
722,31.55843967070,-23.92569901200,13,1300,103,1
723,30.90902100310,-23.92400768070,10,1000,135,0
724,31.73031030290,-23.92347421340,8,800,266,1
725,31.41266826230,-23.92327335300,9,900,239,1
726,31.47844214280,-23.92200424160,27,2700,133,1
727,31.19778857740,-23.92184950630,1,100,140,0
728,31.98227250940,-23.92071384250,6,600,22,0
729,31.07951386210,-23.91841195940,2,200,55,0
730,31.44530889310,-23.91334719380,24,2400,187,1
731,31.46669893950,-23.91092433950,5,500,124,0
732,31.40695125890,-23.91048297100,6,600,32,0
733,31.34230641620,-23.90984104610,2,200,78,0
734,31.49180877060,-23.90850191030,6,600,35,0
735,31.68817709840,-23.90636266730,8,800,39,1
736,31.21091058850,-23.90461942470,24,2400,288,1
737,31.93968144370,-23.90330733770,3,300,90,0
738,31.92975939970,-23.90150730790,7,700,62,0
739,31.25575288610,-23.89623813250,8,800,101,0
740,31.73358181670,-23.89328916140,1,100,104,0
741,31.31211084710,-23.89294035500,24,2400,121,1
742,31.46496407030,-23.89169876720,25,2500,160,1
743,31.51065704130,-23.89136215840,9,900,127,0
744,31.71386269360,-23.89052346290,2,200,63,0
745,31.95741069330,-23.88972861800,7,700,147,0
746,31.48057752500,-23.88911846780,22,2200,39,1
747,31.09876767500,-23.88775890900,2,200,35,0
748,31.23241547840,-23.88769539010,13,1300,273,1
749,31.85649194060,-23.88540330220,6,600,97,0
750,31.42111270700,-23.88440052180,10,1000,157,1
751,31.33314529690,-23.88338391470,11,1100,299,1
752,31.30728850550,-23.88111855800,5,500,107,0
753,31.63168160130,-23.87991016110,22,2200,188,1
754,31.61873613560,-23.87162047270,7,700,43,0
755,31.98576624360,-23.86867033900,10,1000,84,0
756,31.27551680250,-23.86848866510,22,2200,336,1
757,31.85814762890,-23.86794829050,2,200,62,0
758,31.73938682850,-23.86399607800,7,700,14,0
759,31.12941005190,-23.86214355260,3,300,32,0
760,31.08163298210,-23.85719048360,6,600,16,0
761,31.47664435000,-23.85543519480,13,1300,61,1
762,31.52713167590,-23.84922237580,5,500,113,1
763,31.55826054330,-23.84832149180,7,700,12,1
764,31.36296209400,-23.84538786650,17,1700,14,1
765,30.94956456820,-23.83893759230,8,800,45,0
766,31.35268728650,-23.83786464950,26,2600,22,1
767,31.47566070930,-23.83733260410,1,100,64,0
768,31.65429059640,-23.83439897330,8,800,38,0
769,31.29742274320,-23.83387132840,5,500,46,0
770,31.44344567110,-23.83300431320,6,600,26,0
771,31.16247313560,-23.83215499340,5,500,124,0
772,31.52881375220,-23.83046242500,7,700,277,1
773,31.32138324930,-23.82879981780,6,600,60,0
774,31.60417305580,-23.82796472930,10,1000,60,0
775,31.51478420820,-23.82295763250,8,800,101,0
776,31.26824612580,-23.82215935910,16,1600,198,1
777,31.30384144090,-23.81131075050,6,600,109,1
778,31.07524940140,-23.81003568910,6,600,146,0
779,31.33577104000,-23.80763476080,27,2700,162,1
780,31.33721923980,-23.80660914130,20,2000,341,1
781,31.33011854650,-23.80541750690,8,800,106,0
782,31.23911567760,-23.80410726310,9,900,31,0
783,31.39870345630,-23.80336512850,4,400,96,0
784,31.15162854610,-23.79737879940,1,100,104,0
785,31.01358462240,-23.79329887450,9,900,40,0
786,31.73809638850,-23.79278996820,10,1000,94,0
787,31.85021132170,-23.79245758550,7,700,14,0
788,31.33570454350,-23.78950876410,8,800,13,1
789,31.87525729290,-23.78933569790,8,800,149,0
790,31.91943127190,-23.78923821880,3,300,60,0
791,31.31542448810,-23.78904058500,12,1200,93,1
792,31.52271176740,-23.78754660720,9,900,189,1
793,31.53285506640,-23.78593547210,15,1500,309,1
794,31.45271938270,-23.78546455600,16,1600,324,1
795,31.47549365290,-23.77832405190,8,800,70,0
796,31.05047819060,-23.77779846390,1,100,123,0
797,31.77010852020,-23.77287931880,10,1000,44,0
798,31.16671975760,-23.76345571710,5,500,6,0
799,31.45526367680,-23.76314118450,21,2100,117,1
800,31.41816296670,-23.75540673700,6,600,7,0
801,31.05324934110,-23.74862084700,7,700,113,0
802,31.69445035150,-23.74747628790,5,500,148,0
803,30.90881774480,-23.74361871650,3,300,59,0
804,31.91777045330,-23.74122878640,10,1000,63,0
805,31.10185968810,-23.74100493630,7,700,115,0
806,31.14111316490,-23.74087876200,8,800,14,0
807,31.92753592760,-23.74067264900,2,200,55,0
808,31.05993071520,-23.74036232570,1,100,30,0
809,31.36196193020,-23.74005702910,14,1400,143,1
810,31.28145964090,-23.73619192710,7,700,75,0
811,31.56643841360,-23.73563813490,13,1300,290,1
812,30.91374214900,-23.72958248920,1,100,91,0
813,31.05018907770,-23.72846127730,2,200,124,0
814,31.53097384840,-23.72706332470,28,2800,107,1
815,31.49198721760,-23.72705683360,7,700,43,0
816,31.10547414180,-23.72608721200,7,700,7,0
817,31.49487733960,-23.71835555530,17,1700,36,1
818,31.52395408640,-23.71665994370,16,1600,346,1
819,31.52019915000,-23.71622995240,20,2000,168,1
820,31.49401815250,-23.71567395550,25,2500,313,1
821,31.52558715490,-23.71360427550,26,2600,331,1
822,31.49780777650,-23.71140241240,27,2700,322,1
823,31.00849805760,-23.70969097790,4,400,87,0
824,31.47269552260,-23.70535311200,3,300,124,0
825,31.19599742910,-23.70344125260,10,1000,50,0
826,31.39862234630,-23.69786129460,13,1300,93,1
827,31.51017522050,-23.69556609700,29,2900,109,1
828,31.44624368050,-23.69387329380,8,800,238,1
829,31.70457747910,-23.69220629310,7,700,79,0
830,31.98387618900,-23.69192925590,1,100,88,0
831,31.24809401320,-23.69179402530,8,800,5,0
832,30.99456626970,-23.68887433970,10,1000,47,0
833,30.95129233640,-23.68760802410,5,500,18,0
834,30.90863561320,-23.68647569300,3,300,96,0
835,31.63807550450,-23.68559146420,17,1700,275,1
836,31.77684977110,-23.68522633340,8,800,87,0
837,31.19433431610,-23.68469077690,7,700,12,0
838,31.36670490350,-23.68452886520,10,1000,289,1
839,31.85810564630,-23.68344758800,6,600,108,0
840,31.68155593080,-23.68159129460,5,500,96,0
841,30.98929000370,-23.68035328070,1,100,122,0
842,31.58891975620,-23.68002601340,2,200,82,0
843,31.57509916930,-23.67991197030,6,600,207,1
844,31.92502013570,-23.67848925450,5,500,61,0
845,30.95118715270,-23.67844022880,2,200,100,0
846,31.20920004870,-23.67640646990,1,100,83,0
847,32.01024768280,-23.67553801190,4,400,16,0
848,31.39248267790,-23.67313378480,10,1000,76,0
849,31.58679965760,-23.67190166230,16,1600,137,1
850,31.86449106080,-23.67151991320,8,800,132,0
851,31.49480944710,-23.67118524700,4,400,22,0
852,31.37703459160,-23.67108514460,4,400,61,0
853,31.03517882500,-23.66996815390,8,800,100,0
854,31.98550157320,-23.66826413050,3,300,46,0
855,31.66428709950,-23.66727064100,30,3000,347,1
856,31.91817427050,-23.66047144580,10,1000,53,0
857,31.95476667620,-23.66005511180,7,700,46,0
858,30.89656016200,-23.65959310280,1,100,130,0
859,31.84023574230,-23.65829279180,6,600,18,0
860,30.95150744590,-23.65736687190,6,600,109,0
861,31.08582947400,-23.65434684540,2,200,69,0
862,31.44902357940,-23.65357950600,17,1700,40,1
863,31.45425397750,-23.65224125000,5,500,83,0
864,31.60866481930,-23.65057268390,19,1900,140,1
865,31.72379126880,-23.64839659840,8,800,65,0
866,31.63067799200,-23.64686356610,13,1300,72,1
867,31.82769915380,-23.64591770890,1,100,54,0
868,31.66066433230,-23.64418070960,7,700,129,0
869,31.48915990430,-23.64320794570,30,3000,220,1
870,31.59707236490,-23.64301005500,23,2300,270,1
871,31.54452067790,-23.64142693510,10,1000,48,0
872,31.08196803510,-23.63599273690,5,500,47,0
873,31.51746294740,-23.63362912910,10,1000,84,0
874,32.02441876040,-23.63142981670,3,300,101,0
875,31.40845942440,-23.63085486420,17,1700,301,1
876,32.00109038640,-23.62482861230,4,400,80,0
877,31.41876570730,-23.61879441400,5,500,35,0
878,31.69566008650,-23.61633674340,5,500,130,0
879,31.62722190540,-23.61627190230,15,1500,57,1
880,31.60797711710,-23.61480338910,5,500,99,1
881,31.84285973510,-23.61382319660,6,600,89,0
882,31.37401698900,-23.61259676700,9,900,7,0
883,31.44423045220,-23.61208366350,29,2900,288,1
884,31.44751738490,-23.61124365530,21,2100,308,1
885,31.24109957210,-23.61112253780,2,200,70,0
886,31.36501217040,-23.61047612350,2,200,104,0
887,31.29601735580,-23.61028321030,6,600,32,0
888,31.45734892040,-23.61017073720,23,2300,259,1
889,31.46448201620,-23.60717939640,27,2700,245,1
890,32.01035990300,-23.60687010770,9,900,94,0
891,31.24210862820,-23.60000786690,29,2900,120,1
892,31.92449781240,-23.59870301410,5,500,135,0
893,31.17988311330,-23.59459362480,6,600,47,0
894,30.97603756100,-23.59312604330,5,500,34,0
895,31.86675201850,-23.59229363770,4,400,146,0
896,31.78534848870,-23.59106572950,3,300,133,0
897,31.44349039790,-23.59092199370,15,1500,245,1
898,31.92903645560,-23.58984665100,7,700,80,0
899,31.89227581010,-23.58799274830,8,800,122,0
900,31.13323332930,-23.58777319090,8,800,87,0
901,31.96034513450,-23.58681260780,4,400,17,0
902,31.31130068750,-23.58028781490,21,2100,163,1
903,31.16535955980,-23.57637985040,4,400,50,0
904,30.89638648490,-23.57197608030,6,600,93,0
905,31.64478275580,-23.56768977760,26,2600,63,1
906,31.71613909770,-23.56671980670,8,800,46,0
907,31.25663465610,-23.56661189150,18,1800,286,1
908,31.26532366530,-23.55849252050,5,500,103,0
909,31.46380249170,-23.55652296010,9,900,93,1
910,31.54137699940,-23.55462483760,4,400,114,0
911,31.97776774820,-23.54508001600,3,300,32,0
912,31.28315859550,-23.54179627140,3,300,69,0
913,31.40165638280,-23.54168491040,14,1400,194,1
914,31.50879542260,-23.53561567210,29,2900,247,1
915,30.91326060780,-23.53428222780,1,100,132,0
916,31.53304402890,-23.53410578170,4,400,41,0
917,31.47025025860,-23.52748994820,30,3000,34,1
918,31.44973133320,-23.52458950220,16,1600,259,1
919,31.81956028340,-23.52396156830,3,300,131,0
920,31.43781306330,-23.52076414890,13,1300,265,1
921,31.13760216130,-23.51934371990,2,200,49,0
922,31.33559399250,-23.51670725140,10,1000,31,1
923,31.08629072010,-23.51351282660,5,500,125,0
924,31.44141242200,-23.51197889620,12,1200,23,1
925,31.38479640880,-23.50953669830,7,700,163,1
926,31.91237606060,-23.50782881380,4,400,139,0
927,31.03157327780,-23.50585887230,7,700,102,0
928,31.82889982010,-23.50548748000,8,800,71,0
929,31.15117221490,-23.50071537030,7,700,40,0
930,31.18632970530,-23.49858317840,2,200,144,0
931,31.42094971710,-23.49159291030,5,500,137,0
932,31.73249086090,-23.49134855090,10,1000,78,0
933,31.67652327240,-23.48763630980,1,100,122,0
934,31.35526706240,-23.48611192390,14,1400,58,1
935,31.64066818230,-23.48554772410,10,1000,105,0
936,31.97827965750,-23.48399619730,9,900,146,0
937,31.56973859260,-23.48030150840,7,700,130,0
938,31.32733227580,-23.48026659770,22,2200,90,1
939,31.53053244620,-23.47773980640,2,200,54,0
940,31.51780756780,-23.47416191590,7,700,89,1
941,31.47463134950,-23.47287260180,29,2900,325,1
942,31.58239432920,-23.47249949910,4,400,114,0
943,31.85511929660,-23.47033099250,5,500,110,0
944,31.14826966850,-23.46828248940,4,400,29,0
945,31.00251239610,-23.46660854440,1,100,122,0
946,31.05256867820,-23.46296671480,10,1000,11,0
947,31.60170955410,-23.46186369310,1,100,18,0
948,31.61269777880,-23.46166145530,9,900,92,0
949,31.45711216710,-23.45566364940,18,1800,222,1
950,31.51087062930,-23.45562896870,13,1300,63,1
951,31.42320237380,-23.45278180460,1,100,88,0
952,31.01263122270,-23.45175371950,3,300,67,0
953,31.46125709060,-23.44978571570,8,800,123,0
954,31.32266192120,-23.44917997420,7,700,78,0
955,31.43595701430,-23.44872197160,18,1800,215,1
956,31.49558520590,-23.44615758090,9,900,78,0
957,31.20518222130,-23.44515200830,7,700,13,0
958,31.56504341590,-23.44469286710,9,900,22,0
959,31.49811677880,-23.44131993680,16,1600,65,1
960,31.19154345030,-23.43811949120,5,500,62,1
961,31.23721472510,-23.43596350980,28,2800,335,1
962,31.14132883530,-23.43575809150,9,900,121,0
963,31.31694212420,-23.43555357780,12,1200,48,1
964,31.39593357920,-23.43400475580,9,900,18,1
965,30.99479437780,-23.43337359270,9,900,19,0
966,31.01914971340,-23.43241290230,1,100,25,0
967,31.32650832110,-23.42729077420,6,600,80,0
968,31.07464273320,-23.42558337630,3,300,19,0
969,31.94020879070,-23.41926961890,2,200,42,0
970,31.76055373960,-23.41279151240,2,200,108,0
971,30.96111396660,-23.41117815940,1,100,91,0
972,31.33792312840,-23.41014287390,21,2100,145,1
973,31.32104624280,-23.40947264260,9,900,327,1
974,31.55904413580,-23.40934876310,7,700,257,1
975,31.39121493630,-23.40824048220,6,600,24,1
976,31.73095439310,-23.40440879620,9,900,110,0
977,32.01784359140,-23.40380012740,4,400,39,0
978,31.30567988730,-23.40063708310,26,2600,49,1
979,31.97985468550,-23.40046321350,9,900,23,0
980,31.65441982590,-23.40008004030,5,500,125,0
981,31.41430246810,-23.39783777750,2,200,5,0
982,31.52117970420,-23.39688811680,7,700,149,0
983,31.23578166680,-23.39587428090,3,300,75,0
984,31.93844875890,-23.39304501530,9,900,11,0
985,31.53186999330,-23.39230883220,25,2500,214,1
986,31.23121570460,-23.38637295740,14,1400,344,1
987,31.27454379260,-23.37993095510,14,1400,224,1
988,31.79917026120,-23.37875595050,10,1000,94,0
989,31.22922965650,-23.37861691620,3,300,148,0
990,31.98756772720,-23.37817489190,8,800,112,0
991,31.47690930310,-23.37722614340,6,600,87,0
992,31.31061030610,-23.37669404750,19,1900,216,1
993,30.96559039390,-23.37470753490,4,400,44,0
994,31.72696848610,-23.37293500190,6,600,40,0
995,31.18010276680,-23.36956687680,7,700,98,0
996,31.40737120040,-23.36231873940,6,600,148,0
997,31.25841733690,-23.35961913580,6,600,67,0
998,31.24539416640,-23.35901471200,6,600,63,0
999,31.49055002710,-23.35573805630,3,300,62,0
1000,31.29756916370,-23.35497165370,13,1300,294,1
1001,31.28258449800,-23.35478047210,2,200,126,0
1002,31.66226774120,-23.35340494420,10,1000,143,0
1003,31.27025877360,-23.34845565510,2,200,20,0
1004,31.20024916430,-23.34345338150,4,400,112,0
1005,30.98445423670,-23.34341692970,10,1000,81,0
1006,31.56588973630,-23.34313197490,2,200,141,0
1007,31.33196506610,-23.34149314020,4,400,132,0
1008,31.38251429130,-23.33933741930,11,1100,30,1
1009,31.15244114010,-23.33463435260,5,500,123,0
1010,31.28883863380,-23.33329230750,3,300,142,0
1011,30.88925570750,-23.33206198460,1,100,93,0
1012,31.65923487350,-23.32894976140,3,300,136,0
1013,31.10338978030,-23.32619784110,5,500,133,0
1014,31.38307747330,-23.32487105520,24,2400,158,1
1015,31.26380337530,-23.31879007650,8,800,91,0
1016,31.40613715150,-23.31801442640,9,900,295,1
1017,31.60066376010,-23.31692069050,4,400,12,0
1018,31.22501945400,-23.31604358170,9,900,92,0
1019,31.73844122440,-23.31594455840,8,800,114,0
1020,31.39072714520,-23.31585590320,6,600,87,0
1021,31.64883064650,-23.31257014340,5,500,37,0
1022,31.69729349240,-23.31188874990,1,100,140,0
1023,31.52504242040,-23.31082795860,26,2600,37,1
1024,31.55049302240,-23.30365748350,29,2900,15,1
1025,30.93788357760,-23.30326275940,10,1000,45,0
1026,30.98112039640,-23.30187815730,3,300,79,0
1027,31.21842351860,-23.29969449520,9,900,115,0
1028,31.57665416240,-23.29954487230,5,500,97,0
1029,31.40787341040,-23.29643328670,6,600,283,1
1030,31.67870685790,-23.28850245630,6,600,111,0
1031,30.98964708750,-23.28529546090,5,500,132,0
1032,30.97539290180,-23.28264347000,1,100,81,0
1033,31.35145753270,-23.28215168730,24,2400,128,1
1034,31.01419530360,-23.28174483830,7,700,10,0
1035,31.40524231670,-23.28032600230,8,800,107,0
1036,30.98656153310,-23.27234021370,8,800,90,0
1037,31.99466282720,-23.26393789430,7,700,35,0
1038,31.19074260750,-23.26081008050,3,300,12,0
1039,31.22956559440,-23.25917503170,8,800,74,0
1040,31.00984697560,-23.25527904710,2,200,146,0
1041,31.49760410730,-23.25489557010,6,600,110,1
1042,31.84216487320,-23.25341393580,4,400,139,0
1043,31.59724581810,-23.25319238110,10,1000,53,0
1044,31.40324912670,-23.25292703120,26,2600,116,1
1045,31.92049191720,-23.25097728130,6,600,33,0
1046,31.28284498790,-23.24992658160,8,800,267,1
1047,31.85746725600,-23.24542346110,7,700,22,0
1048,30.94078879800,-23.24210135090,10,1000,121,0
1049,31.38940142500,-23.24024737850,17,1700,54,1
1050,31.19080746110,-23.23693888970,10,1000,21,0
1051,31.29086492480,-23.23638825380,23,2300,41,1
1052,31.21274930760,-23.23633056660,27,2700,303,1
1053,31.28411158150,-23.23417068120,7,700,52,0
1054,31.27278392420,-23.23042144250,25,2500,82,1
1055,31.71926936400,-23.22961075390,1,100,95,0
1056,31.31309585390,-23.22796880740,27,2700,136,1
1057,31.59888076780,-23.22653261560,4,400,103,0
1058,31.18888890840,-23.21539058020,4,400,34,0
1059,31.58070143670,-23.21476822860,2,200,109,0
1060,31.92757998070,-23.21457598320,2,200,36,0
1061,31.84174478890,-23.21439860110,4,400,146,0
1062,31.38390985790,-23.21310032590,29,2900,192,1
1063,31.12964579350,-23.21181875070,10,1000,37,0
1064,31.37622489960,-23.21034388360,1,100,93,0
1065,31.34494596970,-23.20861567980,8,800,306,1
1066,31.23143537800,-23.20781179360,15,1500,236,1
1067,30.90266895680,-23.20697745180,6,600,139,0
1068,31.20689515890,-23.20237112860,11,1100,81,1
1069,31.92372891110,-23.20082425160,2,200,113,0
1070,31.55306968300,-23.19798337850,29,2900,186,1
1071,31.00346664660,-23.19640348380,4,400,6,0
1072,31.60533249010,-23.19598661330,9,900,103,0
1073,31.10609067610,-23.19343579200,4,400,124,0
1074,31.25055146680,-23.19262596340,29,2900,257,1
1075,30.91510345990,-23.18852279970,3,300,73,0
1076,30.89673480710,-23.18750991780,10,1000,38,0
1077,31.26392097000,-23.18223013000,17,1700,319,1
1078,31.46841622060,-23.17916936980,12,1200,158,1
1079,31.97505982640,-23.17843936910,9,900,53,0
1080,31.59615166390,-23.17761674120,7,700,48,0
1081,31.11923915490,-23.17264808150,10,1000,126,0
1082,31.51211096780,-23.17263872780,24,2400,118,1
1083,31.60964634110,-23.16831603460,3,300,119,0
1084,31.46006078890,-23.16658794420,7,700,86,1
1085,31.47909985130,-23.16473601860,28,2800,112,1
1086,31.97794102010,-23.16190281270,9,900,142,0
1087,31.48126207080,-23.15608062550,17,1700,68,1
1088,31.39259139440,-23.15381462060,13,1300,50,1
1089,31.50978465800,-23.15105808950,10,1000,242,1
1090,31.92242986300,-23.15015096990,3,300,93,0
1091,31.53427456650,-23.14957679730,5,500,86,0
1092,31.55006108330,-23.14913344940,3,300,9,0
1093,31.42271022870,-23.14877915030,8,800,90,0
1094,31.20888152740,-23.14537663630,8,800,15,0
1095,31.69478703140,-23.14261069930,10,1000,63,0
1096,31.33495014430,-23.13698363360,12,1200,26,1
1097,31.47688466900,-23.13577693160,29,2900,262,1
1098,31.79739372750,-23.12865865570,9,900,51,0
1099,31.17230664480,-23.12460965580,8,800,90,0
1100,30.89840350240,-23.12317183070,8,800,92,0
1101,31.42984624290,-23.11498024550,16,1600,294,1
1102,31.41105335550,-23.10710314970,29,2900,164,1
1103,31.49915277270,-23.10699820650,4,400,6,0
1104,31.48925682030,-23.10654661690,29,2900,52,1
1105,31.54772405400,-23.10376383940,10,1000,92,0
1106,31.76141531650,-23.09882090580,5,500,7,0
1107,30.99464571240,-23.09818454940,7,700,44,0
1108,31.57840790830,-23.09655799060,1,100,83,0
1109,31.34911853480,-23.09639723050,18,1800,258,1
1110,31.96059775740,-23.09602516470,3,300,62,0
1111,31.39600502870,-23.09426495390,17,1700,45,1
1112,31.47063673120,-23.09283641950,29,2900,336,1
1113,31.47620319560,-23.08883516290,1,100,57,0
1114,31.76796346090,-23.08803435600,8,800,131,0
1115,31.66288015590,-23.08747146960,9,900,64,0
1116,31.73403748260,-23.07992879040,10,1000,16,0
1117,31.37383253140,-23.07742508430,23,2300,162,1
1118,31.36557973090,-23.07588662600,16,1600,63,1
1119,31.91893623760,-23.07586796180,9,900,64,0
1120,31.44532097480,-23.07532277010,12,1200,341,1
1121,31.32462036250,-23.07508188120,2,200,23,0
1122,31.45446902350,-23.07459007720,20,2000,78,1
1123,31.79310263880,-23.07428385260,1,100,141,0
1124,31.38124147200,-23.07398200730,9,900,56,0
1125,31.90793423820,-23.07324742070,4,400,66,0
1126,31.37721313440,-23.07155656230,12,1200,271,1
1127,31.69926770410,-23.06984865670,10,1000,137,0
1128,31.84150357580,-23.06587053930,7,700,21,0
1129,31.66039723330,-23.06423041090,10,1000,49,0
1130,31.75024461690,-23.06410661550,10,1000,136,0
1131,31.42179149500,-23.05911488520,30,3000,176,1
1132,31.94942495320,-23.05840216480,2,200,17,0
1133,31.91575586880,-23.05834729630,5,500,97,0
1134,31.60368666580,-23.05195280710,6,600,45,0
1135,31.73710248810,-23.05151161750,10,1000,98,0
1136,31.41350254450,-23.04983240860,25,2500,289,1
1137,31.38625842190,-23.04843803570,28,2800,179,1
1138,31.14256342850,-23.04710535530,4,400,7,0
1139,31.17672540860,-23.04411569350,10,1000,113,0
1140,31.39814694350,-23.04373246160,11,1100,224,1
1141,31.66469746320,-23.04367822410,1,100,149,0
1142,31.75014333530,-23.04087389770,8,800,36,0
1143,31.95493010340,-23.03950485050,9,900,49,0
1144,30.90849791420,-23.03890067110,9,900,33,0
1145,31.64194853440,-23.03690424030,8,800,37,0
1146,31.47511145290,-23.03605057420,5,500,69,0
1147,31.03258621320,-23.03462114360,3,300,118,0
1148,31.32868692030,-23.03256225840,29,2900,226,1
1149,31.35646609850,-23.02528207080,10,1000,339,1
1150,31.80142887130,-23.01414443010,8,800,82,0
1151,30.97740636900,-23.00405416700,7,700,20,0
1152,31.50020153910,-22.99985274200,2,200,96,0
1153,31.59004616770,-22.99916439080,4,400,70,0
1154,31.41420086240,-22.99796967910,8,800,91,0
1155,31.54089123200,-22.99675411820,9,900,63,0
1156,31.15283335120,-22.99136874890,4,400,102,0
1157,31.49240699710,-22.99057491170,8,800,74,0
1158,31.75101992360,-22.98763195630,6,600,26,0
1159,31.95699443210,-22.98687460060,7,700,61,0
1160,31.33229666910,-22.98580730920,6,600,139,0
1161,31.74159628510,-22.98391650760,1,100,79,0
1162,31.55274498910,-22.98316055310,8,800,27,0
1163,31.56415268410,-22.98220896670,5,500,13,0
1164,30.96524517210,-22.98189684290,6,600,71,0
1165,31.12634680130,-22.98170449610,6,600,17,0
1166,32.02604614260,-22.98138499730,7,700,73,0
1167,31.22797476900,-22.97944059430,5,500,137,1
1168,31.28056835900,-22.97134914960,6,600,6,0
1169,30.89836538560,-22.96671504280,7,700,9,0
1170,30.96537468940,-22.96632212760,2,200,108,0
1171,31.90833418950,-22.96444616550,9,900,92,0
1172,31.26595185620,-22.96287485940,9,900,305,1
1173,31.85157709550,-22.96245345510,10,1000,62,0
1174,31.72663187230,-22.95959148180,4,400,8,0
1175,31.67693380200,-22.95240788920,7,700,15,0
1176,31.21260019890,-22.94371199990,8,800,90,0
1177,31.84950407770,-22.94145768790,3,300,122,0
1178,31.92828770660,-22.94092260240,9,900,89,0
1179,30.96852348970,-22.94021214990,6,600,110,0
1180,31.26272473620,-22.93516678770,8,800,350,1
1181,31.25255963710,-22.93349192180,26,2600,79,1
1182,31.63187179070,-22.93155673680,10,1000,86,0
1183,31.89296036870,-22.92559052350,6,600,142,0
1184,31.00174605150,-22.92308548460,6,600,73,0
1185,31.69272326350,-22.92036143080,6,600,136,0
1186,31.58438566750,-22.91685838520,10,1000,131,0
1187,31.13795116160,-22.91204804700,1,100,48,0
1188,31.37488700340,-22.91139912260,2,200,132,0
1189,31.32044428520,-22.91049489250,2,200,44,0
1190,31.95358314710,-22.90964592450,7,700,24,0
1191,30.97440257720,-22.90627973110,10,1000,22,0
1192,31.20811226730,-22.90593967870,20,2000,32,1
1193,31.43572064600,-22.90150478940,6,600,61,0
1194,31.55040118560,-22.89924130180,8,800,39,0
1195,31.87490910080,-22.89299855800,1,100,21,0
1196,31.26619506420,-22.89062556160,16,1600,239,1
1197,30.91357122900,-22.88691510750,10,1000,91,0
1198,31.05722483610,-22.88360966720,10,1000,73,0
1199,31.87455123230,-22.88159748470,5,500,19,0
1200,31.90006675920,-22.87560292800,3,300,19,0
1201,31.94338932370,-22.86949305980,3,300,84,0
1202,31.07547307640,-22.86737911160,8,800,69,0
1203,31.51828180180,-22.86496660920,7,700,132,0
1204,31.41578468830,-22.86173620090,4,400,102,0
1205,31.20733167080,-22.86092068840,29,2900,181,1
1206,31.65754216230,-22.86067430520,7,700,71,0
1207,31.24123662610,-22.85347718190,29,2900,168,1
1208,31.50155376210,-22.84836424410,2,200,143,0
1209,31.89457186110,-22.84705261120,4,400,81,0
1210,31.94854326240,-22.82569430540,1,100,17,0
1211,31.07874037430,-22.82343619550,9,900,119,0
1212,31.06797938970,-22.82313486300,3,300,32,0
1213,31.19821029090,-22.82158208420,5,500,23,0
1214,31.25272715040,-22.82152228520,28,2800,131,1
1215,31.74172124150,-22.80637434930,2,200,60,0
1216,31.88277698710,-22.80582236150,3,300,127,0
1217,31.44692566060,-22.80203775930,9,900,148,0
1218,31.92428488200,-22.79202028650,5,500,44,0
1219,31.07088231570,-22.79123241130,7,700,145,0
1220,30.96242736920,-22.79093282570,5,500,85,0
1221,31.35140102120,-22.79074471790,10,1000,90,0
1222,31.16862050120,-22.79017257370,8,800,28,1
1223,31.14439884990,-22.78949087400,6,600,151,1
1224,31.48962194620,-22.78650322220,7,700,146,0
1225,31.12241543780,-22.77920299510,25,2500,37,1
1226,31.72803922990,-22.77728526250,10,1000,146,0
1227,31.14596620700,-22.77692257860,16,1600,209,1
1228,31.02749347970,-22.77385176980,5,500,123,0
1229,31.08243198890,-22.75619220390,12,1200,345,1
1230,31.41698857020,-22.75169404030,10,1000,136,0
1231,30.97322742370,-22.75036485710,6,600,279,1
1232,31.50601273880,-22.74885925980,1,100,132,0
1233,31.32466197630,-22.74667952070,5,500,70,0
1234,31.78582347530,-22.73954841180,8,800,66,0
1235,31.11059745110,-22.73815730580,11,1100,189,1
1236,31.18580635420,-22.72986150930,9,900,78,0
1237,31.29901080810,-22.72735499780,10,1000,69,0
1238,31.07640441070,-22.72426793460,28,2800,276,1
1239,31.89993528220,-22.71983358510,1,100,130,0
1240,31.08413846220,-22.71818587300,4,400,128,0
1241,31.94544936220,-22.71688654570,9,900,117,0
1242,30.98256059850,-22.70102748790,25,2500,181,1
1243,31.37885675200,-22.69677373010,5,500,124,0
1244,31.28322448110,-22.69563067930,6,600,139,0
1245,31.24637598520,-22.69559333320,9,900,56,0
1246,31.18043796350,-22.69227133780,29,2900,68,1
1247,31.02326041400,-22.68836770530,16,1600,33,1
1248,31.88249846960,-22.68681104830,2,200,23,0
1249,31.27006176720,-22.68377209840,7,700,88,0
1250,31.19884662010,-22.68236352180,8,800,287,1
1251,30.97510072230,-22.67766231770,10,1000,83,1
1252,31.44318684740,-22.67750928640,6,600,32,0
1253,31.33814130740,-22.67725316390,10,1000,96,0
1254,31.12156834390,-22.67643898300,7,700,80,1
1255,31.39313802630,-22.67524776630,3,300,106,0
1256,31.36834118100,-22.67244135910,1,100,123,0
1257,31.79196565320,-22.67034281080,6,600,150,0
1258,31.11676022120,-22.66919126850,29,2900,263,1
1259,31.99644965120,-22.66886380600,2,200,31,0
1260,31.81330495770,-22.66819661400,7,700,147,0
1261,31.07195621960,-22.66694145340,9,900,140,0
1262,31.04650270090,-22.66644576470,27,2700,212,1
1263,31.07916642130,-22.66526476160,18,1800,71,1
1264,31.09274169060,-22.66508611520,22,2200,231,1
1265,31.61099789670,-22.66241865160,10,1000,7,0
1266,31.39903460070,-22.66224087010,7,700,18,0
1267,30.90827100030,-22.66042470700,1,100,112,0
1268,31.33600653420,-22.65846664780,2,200,110,0
1269,31.01693065640,-22.65773709190,15,1500,223,1
1270,31.39436387500,-22.65393972630,5,500,32,0
1271,31.56939763530,-22.65233752230,2,200,124,0
1272,31.43484966780,-22.65117281150,1,100,21,0
1273,31.45921116350,-22.64899707890,10,1000,148,0
1274,31.35518577450,-22.64473825750,9,900,24,0
1275,31.85959932110,-22.64429818880,3,300,73,0
1276,31.03293924130,-22.64368707550,6,600,76,0
1277,30.93175484310,-22.63953659500,17,1700,174,1
1278,30.98892699950,-22.63507394200,10,1000,311,1
1279,30.96964438070,-22.63464615260,19,1900,211,1
1280,31.05121503070,-22.63310207790,5,500,140,0
1281,31.62501401240,-22.63114832330,2,200,9,0
1282,30.90904902570,-22.62662344070,2,200,69,0
1283,31.91451955270,-22.62414107540,7,700,114,0
1284,31.65483964160,-22.62148928130,1,100,38,0
1285,31.96792138130,-22.61984325050,2,200,43,0
1286,30.93549960820,-22.61900729750,1,100,5,0
1287,31.63654716920,-22.61874577340,3,300,127,0
1288,31.86218034610,-22.61827505980,5,500,32,0
1289,31.71660217960,-22.61118840370,6,600,109,0
1290,31.72903894080,-22.60558363210,6,600,134,0
1291,31.76589214260,-22.59915307270,9,900,128,0
1292,31.57429808540,-22.59870847280,8,800,101,0
1293,31.71196080060,-22.59155918560,2,200,94,0
1294,31.32284840900,-22.58809015330,8,800,134,0
1295,30.91274340830,-22.58596899710,8,800,134,0
1296,31.28855109470,-22.58564307720,10,1000,24,0
1297,31.13567774920,-22.58490135990,8,800,114,0
1298,31.25943588230,-22.58480748790,7,700,49,0
1299,31.52896976830,-22.58274243430,10,1000,102,0
1300,30.97679568140,-22.58161676870,4,400,77,0
1301,31.20394697610,-22.58005867100,18,1800,166,1
1302,31.16074143830,-22.57945495200,23,2300,73,1
1303,31.07544042460,-22.57578375300,10,1000,102,0
1304,31.68567459200,-22.57340165100,1,100,63,0
1305,31.57991297170,-22.57256987730,6,600,63,0
1306,31.05125382560,-22.56672935540,2,200,113,0
1307,31.52498887430,-22.56468307620,5,500,120,0
1308,31.59290097860,-22.56349092220,6,600,102,0
1309,30.89602282940,-22.56346328230,6,600,92,0
1310,31.76236542190,-22.56020423240,2,200,85,0
1311,31.38762116130,-22.55796332890,4,400,85,0
1312,31.91043010600,-22.55658468290,5,500,108,0
1313,31.04841269120,-22.55431371890,6,600,67,0
1314,31.27219423740,-22.55344105180,6,600,95,0
1315,31.97783619040,-22.55327012660,6,600,41,0
1316,31.12250986870,-22.54968717190,9,900,12,0
1317,31.72555518780,-22.54818832560,1,100,87,0
1318,31.76782113700,-22.54108608480,8,800,112,0
1319,30.96531249270,-22.53984599020,5,500,46,0
1320,31.17923268950,-22.53538648230,30,3000,41,1
1321,30.96005244920,-22.51482992420,8,800,71,0
1322,31.21705751460,-22.51436877970,1,100,146,0
1323,31.27859151170,-22.50925978000,8,800,8,0
1324,31.75525864330,-22.49615064110,6,600,45,0
1325,31.91544029210,-22.49571435220,7,700,102,0
1326,31.52113282790,-22.49540807120,3,300,125,0
1327,31.12150322150,-22.49452147090,5,500,25,0
1328,31.82637414940,-22.49242494970,2,200,78,0
1329,31.15227638030,-22.49075192880,5,500,60,0
1330,31.22692284580,-22.48654191130,14,1400,274,1
1331,31.20140725590,-22.48542619140,23,2300,342,1
1332,31.22355983330,-22.48427262180,13,1300,196,1
1333,31.07020475100,-22.48391633940,10,1000,88,0
1334,31.84363935320,-22.48284801070,10,1000,120,0
1335,31.33403543990,-22.47998292530,3,300,54,0
1336,31.51795521410,-22.47845196150,3,300,134,0
1337,31.26034165280,-22.47826371220,5,500,349,1
1338,31.37290510690,-22.47800415400,4,400,27,0
1339,31.07821325540,-22.47758249600,2,200,111,0
1340,31.03939367380,-22.47743794670,3,300,32,0
1341,31.35403934930,-22.47421838330,4,400,45,0
1342,31.89182812540,-22.47307273910,3,300,99,0
1343,30.96292977700,-22.47024945340,6,600,132,0
1344,31.12972633860,-22.47023179980,3,300,56,0
1345,31.61993237960,-22.46679601770,6,600,6,0
1346,31.27187776520,-22.46629064100,7,700,101,0
1347,31.93261523410,-22.46516291850,8,800,142,0
1348,31.49595171220,-22.46092555450,9,900,58,0
1349,31.26401161510,-22.46073512370,7,700,175,1
1350,31.20827155410,-22.45800089060,4,400,24,0
1351,31.36035328950,-22.45755342890,8,800,143,0
1352,31.15829012160,-22.45205534630,7,700,138,1
1353,31.68018366840,-22.44656873730,10,1000,49,0
1354,31.69389261510,-22.44153869860,10,1000,22,0
1355,31.14551029030,-22.43705622990,9,900,118,0
1356,31.48633278160,-22.43700898680,6,600,29,0
1357,31.12189502530,-22.43607655640,2,200,105,0
1358,31.21523999420,-22.43078048380,5,500,177,1
1359,31.36756712180,-22.42958350900,4,400,45,0
1360,31.76926733430,-22.42867482530,10,1000,7,0
1361,31.21748550390,-22.42377065270,17,1700,121,1
1362,31.45895089210,-22.42224062310,10,1000,54,0
1363,32.00433631660,-22.41954830510,5,500,34,0
1364,30.91364570340,-22.41907856340,1,100,143,0
1365,31.03628236410,-22.41735869100,24,2400,297,1
1366,31.10505818290,-22.41640886600,22,2200,316,1
1367,31.73603264190,-22.41606390870,6,600,25,0
1368,31.13130464140,-22.41399016710,12,1200,211,1
1369,31.53905663830,-22.41021577920,2,200,121,0
1370,31.24048719890,-22.40864277220,24,2400,110,1
1371,30.95019808610,-22.40550558510,2,200,68,0
1372,31.13810671210,-22.40384530510,9,900,133,0
1373,31.25636610090,-22.40374873910,8,800,215,1
1374,30.90722481830,-22.40144051760,7,700,123,0
1375,31.86747577070,-22.40032148180,2,200,112,0
1376,32.01147266790,-22.39799731870,5,500,91,0
1377,31.09461881860,-22.39207944710,30,3000,330,1
1378,31.68181199730,-22.39130050140,1,100,127,0
1379,31.28987477910,-22.38995856210,13,1300,110,1
1380,30.99807987900,-22.38980293680,3,300,148,0
1381,31.79617534190,-22.38844843100,8,800,61,0
1382,31.49796970410,-22.38641253170,5,500,83,0
1383,31.04261011870,-22.38591249690,8,800,34,0
1384,31.61820303130,-22.38244619520,9,900,68,0
1385,30.97731711140,-22.38127062760,5,500,103,0
1386,31.43592612830,-22.38123755620,3,300,133,0
1387,31.47573911570,-22.37933086580,5,500,144,0
1388,31.07674454970,-22.37727727720,8,800,101,0
1389,31.65636342860,-22.37633257690,6,600,72,0
1390,30.98520956590,-22.37345193650,8,800,71,0
1391,31.19201270440,-22.37337527910,11,1100,328,1
1392,31.53980841510,-22.36608064760,4,400,57,0
1393,31.18344308430,-22.36393198300,22,2200,122,1
1394,32.01313145440,-22.35888036730,6,600,134,0
1395,31.80139815350,-22.35876357130,6,600,47,0
1396,31.01723677290,-22.35167575860,8,800,67,0
1397,31.55889008610,-22.34722228310,6,600,115,0
1398,31.83611949060,-22.34405222240,6,600,18,0
1399,30.94165153280,-22.33626287050,9,900,137,0
1400,31.70615619600,-22.33603157980,4,400,92,0
1401,31.82986619480,-22.33102856690,10,1000,55,0
